{"openapi":"3.0.0","info":{"title":"Prova","version":"1","x-amzn-alexa-access-scope":"public","x-amzn-display-details":{"it-IT":{"title":"Prova","description":"Test di prova"}}},"paths":{"/Prova":{"summary":"","description":"","post":{"requestBody":{"content":{"application/json":{"schema":{"$ref":"#/components/schemas/Input"},"examples":{"sampleInput":{"description":"Empty input","value":{}}}}}},"responses":{"200":{"description":"When the task finishes successfully","content":{"application/json":{"schema":{"$ref":"#/components/schemas/SuccessfulResponse"}}}},"400":{"description":"When the given parameters fail validations"},"500":{"description":"When the task execution fails"}}}}},"components":{"schemas":{"Input":{"type":"object","properties":{}},"SuccessfulResponse":{"type":"object","properties":{}}}}}